K,SSE,Silhouette
1,14458.192180248447,0.0
2,7466.448161520922,0.49025974520115156
3,5706.491743738738,0.46027832218062564
4,766.5823399518251,0.7440028981388664
5,711.7744901193182,0.6242803597435291
6,633.3610898090934,0.5308340173698305
7,568.5727464028656,0.4333502217308087
8,532.3595377322393,0.4289393986211032
9,490.3928858823863,0.42553177193448843
10,515.9507824652889,0.5208763582851911
